Japanese_format;US_format;CA_mix_format;SA_mix_format;NZ_format
20/01/2017;1/20/2017;January 20, 2017;20 January 2017;20/01/2017
21/01/2017;1/21/2017;January 21, 2017;21 January 2017;21/01/2017
22/01/2017;1/22/2017;January 22, 2017;22 January 2017;22/01/2017
23/01/2017;1/23/2017;January 23, 2017;23 January 2017;23/01/2017
24/01/2017;1/24/2017;January 24, 2017;24 January 2017;24/01/2017
25/01/2017;1/25/2017;January 25, 2017;25 January 2017;25/01/2017
26/01/2017;1/26/2017;January 26, 2017;26 January 2017;26/01/2017
27/01/2017;1/27/2017;January 27, 2017;27 January 2017;27/01/2017
28/01/2017;1/28/2017;January 28, 2017;28 January 2017;28/01/2017
29/01/2017;1/29/2017;January 29, 2017;29 January 2017;29/01/2017
30/01/2017;1/30/2017;January 30, 2017;30 January 2017;30/01/2017
31/01/2017;1/31/2017;January 31, 2017;31 January 2017;31/01/2017
1/02/2017;2/01/2017;February 1, 2017;01 February 2017;1/02/2017
2/02/2017;2/02/2017;February 2, 2017;02 February 2017;2/02/2017
3/02/2017;2/03/2017;February 3, 2017;03 February 2017;3/02/2017
4/02/2017;2/04/2017;February 4, 2017;04 February 2017;4/02/2017
5/02/2017;2/05/2017;February 5, 2017;05 February 2017;5/02/2017
6/02/2017;2/06/2017;February 6, 2017;06 February 2017;6/02/2017
7/02/2017;2/07/2017;February 7, 2017;07 February 2017;7/02/2017
8/02/2017;2/08/2017;February 8, 2017;08 February 2017;8/02/2017
9/02/2017;2/09/2017;February 9, 2017;09 February 2017;9/02/2017
10/02/2017;2/10/2017;February 10, 2017;10 February 2017;10/02/2017
